transaction_amount,transaction_frequency,time_since_last_transaction,unusual_location,fraud
3662.67954239605,11.209263014757328,21.21715902940196,0.9816972171067753,1.0
2015.6888406287383,90.3527377612771,4.57617128742784,0.780084091730921,1.0
3662.6497696389115,51.01998487233786,17.288650805004394,0.022123551528997254,0.0
2997.3058361432127,82.81928914466643,18.201451391485676,0.32361021914954125,0.0
788.5330158077583,32.68491050203056,12.72392013907158,0.48864319040466575,0.0
4282.972280084281,89.65679962112385,22.093327068741687,0.9684112310165459,1.0
299.8372247193153,39.53096619468215,28.031010443070446,0.6832953766065052,0.0
4332.218967416927,2.0729274965495375,27.76705538720329,0.44590270637674834,0.0
2105.934064820717,90.6328156655071,13.525181142123962,0.5261289396430119,1.0
3543.282163202267,10.037381001827223,3.397141375222658,0.9971245001577111,0.0
4237.2013481936965,32.61205012145108,29.54523596887004,0.7093966595370806,1.0
4849.850162288351,95.05613473802968,25.166942593378025,0.4513870243296755,0.0
4163.888777594105,95.11010754681806,3.739880436098005,0.16362382119166918,0.0
1069.572162284598,57.770350924205324,27.62525647852117,0.7948095487499294,0.0
2607.4416804957123,63.55188400481013,26.096890861863848,0.6300788954810256,1.0
4874.22044035814,45.39610667585366,15.565141713782163,0.8654104824903649,1.0
1528.1687923680931,30.02786639810839,17.738263072347877,0.0823810456158427,0.0
3103.8222539062535,33.53778999162168,11.970081116103907,0.9906485452486233,1.0
2980.794849014237,67.5793271516268,1.64284916466094,0.6282650312221238,1.0
1463.233409588229,75.48507841433032,10.055917249377028,0.2732595269982093,0.0
3063.1459446646736,79.366325328859,24.085603457940344,0.9508635622504104,0.0
2446.664150997334,79.17219613666083,0.13896069013808576,0.8270873007370372,1.0
2916.8126464706447,10.029404201820347,10.004975150734325,0.5990488163798701,1.0
4629.952285484602,49.94761016555557,11.9450608077283,0.782665127285805,1.0
2285.7892212430093,6.698317241647784,16.121868088137685,0.4197273169261223,0.0
3928.028047351138,55.40335935004982,27.595668492382813,0.6385259476640855,0.0
1006.372172970215,44.71151963596432,10.390379830978837,0.3975943979627943,0.0
2576.029847683922,88.88271409307168,10.40859605688683,0.27421520234867003,0.0
2966.148698621592,35.74058624265579,22.125037443292452,0.9839776479598282,0.0
241.78755947278864,12.58963462633298,13.566538226694215,0.409334006315043,0.0
3041.6488109881775,15.15617652323075,6.738144688199458,0.8940992036791344,0.0
4989.003012881742,76.38955254002975,13.573185483980803,0.731966243344168,1.0
3104.928591520545,62.203588268309844,4.225710611393996,0.9860026648157685,1.0
4744.9388308941325,11.011144936156235,5.291609595186699,0.03113408288451136,0.0
3345.8318928636277,9.326573805384745,14.951033182184393,0.8042636363482333,1.0
4043.902767101141,70.39594401445288,12.567763485136437,0.36852634372376114,0.0
4166.2128146082105,8.203537630055159,27.445377032043,0.6747531860434094,1.0
497.3838488918555,82.36414586974527,10.871816973498994,0.47320990669155716,0.0
4658.587341395223,70.91798048849313,17.417650508341303,0.5570478924439667,1.0
2206.3609437606106,9.053529283548077,18.96792863758591,0.18552551570312115,0.0
3779.1330025603525,9.398933694434,0.3928336976500091,0.5756234143674672,1.0
2480.932781455238,98.67731827161637,19.906121160501318,0.7765968527917417,0.0
181.5987203649398,38.05280877985591,5.341079006092543,0.770921844644052,0.0
3174.577094533488,37.6935725596222,28.832109524083656,0.6126584649756175,1.0
3237.8655225458715,81.46715715849275,4.459881832593389,0.625483330670149,1.0
4086.8544394904206,94.777609161002,12.438723711810711,0.9253080289205688,1.0
2009.6547908128362,98.61410531846421,2.5604900423593158,0.7806113941412625,1.0
2605.139425677276,75.58444034063523,29.906227555378422,0.032526179491251916,0.0
2738.0842939229656,38.24969896756066,15.065850309937277,0.9208478478156868,0.0
932.42373307238,9.266570953168207,17.861550519601312,0.616650314520738,0.0
4848.227292545147,77.93754467681624,2.012294321652824,0.7965372909761763,0.0
3877.9127885719618,56.2820207238447,22.498814111975335,0.4815223515125501,0.0
3858.768012379522,42.99797891545065,6.2971677928675724,0.7616954556871832,1.0
3066.479031324072,90.72908412437886,26.941628683221413,0.5573844359346087,1.0
2993.520894267315,12.008550748308982,6.1541892144602155,0.6855652872289714,0.0
4610.152432765353,49.769885324795055,5.720631619909997,0.4303058948994627,0.0
4382.591993831253,2.1240108319744877,1.0964900354428464,0.9300698466747175,1.0
987.9544834715346,47.3974035574185,14.162008353299978,0.4915945467414369,0.0
2278.9719194693967,6.574024292501898,16.945233997878493,0.8614071516042419,1.0
1633.398350508689,12.76297371053912,1.971259182850571,0.5819714019143988,0.0
3764.6068008451716,12.635098430933382,23.26582850085032,0.5338341809500008,1.0
1364.0316685517405,65.27181990949029,13.598665042440828,0.7975591006371882,0.0
4145.400170668127,74.85844304727691,15.731708079827401,0.31036195892357377,0.0
1790.1991002010104,58.7535077446188,13.222882408146845,0.4552201490818012,0.0
1411.86320334003,96.25508229897964,12.02289182625978,0.011620539908100636,0.0
2718.05345495966,38.112187372846705,16.789209939246536,0.07244688779455888,0.0
713.2118826240657,29.285496541904212,4.657207377921376,0.3924935564066848,0.0
4012.962933962658,86.99131369075657,5.457843914858134,0.4799388347171235,0.0
382.0077119620564,23.135988013425813,25.85356863040552,0.6000205481193037,0.0
4934.565813636581,96.35903140462052,28.38346386400898,0.29166257870930323,0.0
3442.918669658371,2.203292994291818,11.199279488392587,0.8539175486148843,1.0
3926.976577715682,97.01800384405627,8.122340194306613,0.771769108671323,1.0
37.55536444677597,5.272831283107035,19.319986297170473,0.7798509888933498,0.0
2194.560783448905,89.22316825610903,12.262025132942892,0.5408626728733892,1.0
3739.951362284394,53.24240979954369,0.7615906698103458,0.7291503207643282,1.0
3684.4537638785714,99.30351481581073,4.684577920985711,0.7423481435650234,1.0
3858.6390299628692,8.305859908804488,21.479166865421927,0.24204501586252747,0.0
3681.980283248513,55.831574155730756,19.76771825730454,0.5828872700816379,1.0
1798.7439854359204,96.9609510262908,0.8128797751045047,0.14249554290151323,0.0
588.1866070303972,52.78668657284473,6.6591648579884835,0.49888815345135606,0.0
4316.886095119212,63.31046517539099,6.932243897642142,0.6181557343181191,0.0
3120.257652869514,69.8791202094771,20.15678230796185,0.702464970544104,0.0
1661.1811440147194,45.99956541200955,0.5913161326309246,0.5596486834869141,0.0
327.1561679272579,63.12824992832228,3.123257459537215,0.00977084741918366,0.0
3810.4629997893644,58.84711688038692,23.99748256119568,0.9728490735001412,1.0
1632.6647769134677,90.2146430386079,5.356339861630008,0.5177116433847114,0.0
3650.73482990694,5.4991916538043295,19.58238323555624,0.08786649914483335,0.0
3191.4117820625133,28.815355769630802,7.145483431401796,0.35062693120918076,0.0
4029.4038116790866,95.09073692357931,2.983241782780355,0.924987685740331,1.0
4414.96699904231,89.13611460520072,7.295165729983623,0.8345111686645541,1.0
2809.462160384643,46.110018525785584,21.668007955669776,0.7311477805003036,1.0
3569.091488242745,62.39312718235214,25.67089404318857,0.13271575404306035,0.0
4475.148230540186,28.460737115132137,24.906595937009747,0.7058827707922543,1.0
2810.7732158717863,19.62399481265237,11.915505888553644,0.6894649691372657,0.0
3857.126227973259,46.906142089058235,20.042554097119385,0.8005866991090829,0.0
2474.04002585831,35.981870574579226,6.149528862474629,0.2001502442448101,0.0
2618.4368186161505,58.78195507323633,8.794431907830397,0.16748258225906976,0.0
3494.767046790361,8.695729059533498,26.890074555633593,0.8254867335754771,1.0
136.84144245303497,97.46508595895048,0.39005770532208106,0.6364302495436367,0.0
2231.1748374029935,98.63486370348069,2.5652559256340424,0.7727159347034527,1.0
166.8316365768039,70.11800968795477,6.23658765438082,0.03158614482564204,0.0
3185.687952206264,54.073540268067916,0.7959661162145915,0.9362122462436898,0.0
1578.6363455708702,31.643234012346447,5.443063052693919,0.05197128365147241,0.0
2547.767748911867,81.56570695098792,17.491246829090766,0.5412963353010705,0.0
4538.756704891204,68.78838608283405,12.642736517774939,0.7090605194509164,0.0
1253.968223452886,17.099076995144237,26.780151332309245,0.8709691237460856,0.0
2175.6527877319377,91.1817912648904,24.523306852153226,0.5311365529409429,1.0
3002.7149560881826,82.43118704939373,10.25452055093628,0.7562513243851658,1.0
1151.7028458031962,95.03019141590048,7.782703002938774,0.33945019254280606,0.0
394.12975004567704,72.84623133044764,11.390772245018008,0.8148251137465122,0.0
1455.8597500397025,61.72810439764319,17.708848275444232,0.08011484638467514,0.0
814.4942233974821,42.40606059277127,8.041909224686288,0.8948166560605276,0.0
4649.191285189439,93.34011985204731,18.72446723547402,0.5475923761537362,0.0
4042.5206940264407,86.74032506054043,12.282349565737213,0.8172977699624937,0.0
3170.684744987013,5.476648340512751,16.561415425559407,0.45231828451830014,0.0
4358.588345036711,3.6103304752279484,13.0837958740595,0.643577695196525,0.0
4020.3236637265813,38.26987332092691,8.83397278625753,0.5264026609361132,0.0
940.9845938413189,81.24477974740145,28.453599208864702,0.7315895217553319,0.0
4354.690931334402,98.7403368021795,22.908173824792826,0.9032018086164197,1.0
2701.317787159097,15.89127221924929,4.203395272993577,0.0603520839905638,0.0
4039.126374268672,59.818940819861375,26.054039276937385,0.24710323401014644,0.0
4123.042804222747,38.70819480647113,14.62293594748541,0.729619938798479,1.0
4365.844894017219,97.02152538364572,26.83656680682274,0.5259782887771343,1.0
559.159103393107,84.36977339043516,23.995657678419455,0.21921398735804432,0.0
3551.807169324828,83.99454176640265,12.756405134077003,0.8931390996920165,1.0
3320.5969938664716,47.40062281970206,0.674079249603522,0.6006818910679872,1.0
2442.3575801188517,42.067130731428854,8.060320781548382,0.6293104174440194,1.0
4305.045610449154,28.06730012113992,16.249026439826007,0.7896985071424791,0.0
44.69113135064161,6.581174168441784,19.00434659478442,0.6587077755008761,0.0
2558.629039862053,86.60751524925027,7.736630562996068,0.498195716453139,0.0
2092.880905712407,81.47719990387768,4.180682222184724,0.5553635509376312,0.0
1118.317974248944,99.97204965532693,25.047907103978975,0.7192017782722638,0.0
608.1281829950772,99.66704687031664,29.532065421106562,0.22845474133129873,0.0
1694.6997053041034,55.987738854660115,15.770705469080575,0.9963339160567419,0.0
4715.11942252347,77.12975410287054,5.150378575449105,0.9747931621467831,0.0
1622.7826307835685,94.53180725836037,8.169219795581068,0.6503256863469369,0.0
2598.7652024993968,85.11509167706373,0.551720296424002,0.19954245092914513,0.0
3518.0646048869376,25.48746207257657,27.42896419681497,0.6802282424312913,0.0
1824.5117158726769,45.603869395699256,3.532532486704234,0.07219840897917584,0.0
2984.5782608279346,13.786782099998003,17.295494265427607,0.582353176716148,1.0
4812.612001761135,95.45105169861351,8.22165662061618,0.2576828885112137,0.0
1266.393656168567,61.011288810637126,16.6253400754738,0.4626229567393163,0.0
2491.2700444030033,23.63563774484281,19.542611650555926,0.8682725054083805,0.0
1511.3827659856806,67.49836775617982,24.892254111216047,0.727169069766308,0.0
1431.3540669435633,62.19469580533169,6.1926381528180965,0.742706521199981,0.0
194.06586729911865,36.45810908525121,0.32987485975441433,0.42549333444807536,0.0
3302.0580985216257,12.242201627763272,4.106568902064218,0.6651075324357487,1.0
2265.801289038852,67.48574636368716,27.000559255443154,0.8783757528443175,1.0
266.8789687374469,52.510462389475535,26.216702326875456,0.9876495637360578,0.0
1400.445856540691,77.45952078182829,17.922393065109247,0.04010919141248248,0.0
4542.246770973602,52.49618661008734,18.0155058130096,0.8670314961224486,0.0
2661.835858133634,85.36596853153547,19.951100236387664,0.7596929297519687,1.0
3794.6758821912163,55.63877703867407,5.261138358703487,0.6024406370753563,1.0
2452.3692737850392,56.53285918200324,27.432358377748795,0.7252576604151365,0.0
4928.395766011898,87.78870666317616,12.563115746762193,0.48666894142470285,0.0
1217.855804842387,40.94480375502731,11.494155847484924,0.8734232380816606,0.0
3363.956381555334,14.267507616613432,15.567531158485126,0.9007018640112585,0.0
3810.4818804903007,3.849484955020558,1.4089790032516514,0.4217209268734554,0.0
1195.8113445220743,75.75858831168829,4.988501062682382,0.2768277972350516,0.0
3643.7995795731795,62.410645583993,22.141008492791112,0.5923503285933622,0.0
1845.2378322690736,70.70389704182314,2.483960037753794,0.912363345616691,0.0
4206.989342717569,22.083451989382162,18.094563283991647,0.9389150390760204,1.0
3171.3132566968648,14.500776083090207,7.360473290439629,0.6229665835634828,0.0
2683.5156735330447,2.439921901120311,11.678868421259295,0.6315602200925206,0.0
4995.042534178849,35.7081683218531,8.660812103120996,0.9397909274757645,1.0
4178.159452990298,59.40185099860867,10.670181493948474,0.1315676851272598,0.0
1610.692524208962,39.832160464873496,21.571377155527365,0.7158249646820886,0.0
940.7273668952727,44.31001728034918,8.913651468695251,0.909032520665641,0.0
213.46795635827195,90.5117107548811,16.992139208906917,0.17968310887024197,0.0
4799.339994030674,35.47729123530674,14.28151206597299,0.9352892125230035,1.0
3927.6955986055746,51.88495942682127,19.910134960879443,0.6193981056907696,1.0
92.7732663500022,78.58164826137316,28.10489217974274,0.18097695270948977,0.0
2565.344360913412,40.25773544980574,21.97716291630751,0.8543850933695791,0.0
3263.744159882216,62.58658332255948,6.448211357722703,0.725619672090494,1.0
3908.5320941246982,86.37400716592778,0.9354940518385402,0.9924948280704375,1.0
4356.954854240696,95.00254174210657,7.867921328994752,0.8860062381549951,1.0
3457.779313131305,15.560274611974755,17.852337921007646,0.4453052550026655,0.0
1939.8093780396816,92.73217489098795,1.5427744045275105,0.5148173539296902,0.0
2355.008572770162,49.71951301487428,14.89098741603709,0.5135837106127799,1.0
696.2295112885063,26.566194441596878,17.905285467506676,0.5929508514349274,0.0
1711.92109174079,46.45443986758787,10.027316724508825,0.16352387258502277,0.0
3229.714669088865,98.02322495326223,23.12736611237466,0.5326022956302461,1.0
4624.221155210028,49.76919130529409,3.1979475940131543,0.9694123223352875,0.0
4519.406856906851,33.54640941846331,2.254133452074263,0.7319656884061664,1.0
1297.1287222986264,63.70668457735585,21.8456626861081,0.6567366645412922,0.0
3151.498855799132,24.774416259041114,14.864739486185954,0.9546101029307801,1.0
3715.6168136815595,8.510469482757728,20.65207189283208,0.7693508989763571,1.0
2780.452049881317,13.759092469154274,13.044820158112387,0.13087366071834983,0.0
2652.9563859964724,13.67653805681947,7.392060997173204,0.9698210450785447,0.0
1216.842931593254,16.03836665771714,24.573069530225993,0.45378954138363925,0.0
474.58281135143704,14.743890092291604,23.982476369069378,0.23605046334646396,0.0
3763.3080825865945,64.44659973551825,20.840894125632804,0.7489062540171452,1.0
4503.086105245019,19.006128355515337,8.164354116898881,0.16975790508754074,0.0
2553.4287594009184,35.221061049062456,17.706920006072615,0.5527368499783153,1.0
1701.7586573330163,89.78205258069517,10.829216908200804,0.3370031764312863,0.0
1752.555777317178,47.92220238602436,2.7474621997990245,0.8288833658826095,0.0
3632.5188375624944,67.0882161135817,27.519407263867283,0.43088752366180594,0.0
4486.58019716336,18.059667248961354,4.104558927568842,0.2487142725876299,0.0
4436.561257082935,20.036612862058405,28.50712061462407,0.61714498660403,0.0
3901.578973829543,5.045993010381407,13.380173188738672,0.7067772168854458,0.0
3213.737914309896,17.72457124414429,5.553987865158589,0.16704190790094986,0.0
3086.706324956865,28.580443564163904,16.257028421350743,0.828390052362147,1.0
816.5272833321227,18.524037943397936,26.18837507629225,0.03667142693354297,0.0
4493.7854007501255,9.781550841948505,21.966746592286835,0.7364020150656405,0.0
3036.081007701354,12.94295123895948,24.196834435843492,0.6638045276218051,0.0
55.89328756698194,46.61709803523985,19.763501001321522,0.4746308757498139,0.0
516.3429989015002,21.427038122173457,20.768296935535574,0.8441704489691971,0.0
3320.8738278491983,37.06271624375947,25.47586954695958,0.8056701529500532,0.0
35.25730339263124,50.83830981463083,7.490040265775578,0.5853543643967521,0.0
812.4321765733183,69.34908803430716,14.682748909294215,0.8682712805132586,0.0
2748.1816089392646,4.891901844268794,6.636283254588067,0.20584121003676825,0.0
3462.5570364865393,80.14162949199522,29.63004023989941,0.11191961939772788,0.0
3003.5338662257964,63.16213855959987,28.321780190598396,0.9110515803001127,1.0
1129.1038542081933,9.094144162938319,1.182804341055177,0.05708685608931485,0.0
3563.774314524204,87.48428378657094,21.167255175470654,0.531169528001032,0.0
1193.8729466090324,92.16636765264951,27.757449522469976,0.9366056922949615,0.0
1633.744493814746,7.046718025631511,5.417260353820006,0.03934354066850965,0.0
2078.5901255961944,28.41088716657317,17.038356916578884,0.6902100037537812,1.0
2072.5752916740657,80.81392669951308,27.464648927641257,0.8878059254626638,1.0
4247.624818365948,75.07770934798218,1.0183793575739652,0.9338750175279049,0.0
3291.488332578713,19.267580916281354,20.922608017405196,0.3161561049767505,0.0
4495.09113102732,21.72558301033432,8.920470221176522,0.9822383269504058,1.0
2819.212429918437,37.67673817634682,27.73188586129591,0.6018832295638445,1.0
1844.9018572665732,48.96777553391111,29.131747354961032,0.14834320096208886,0.0
1333.35981473181,62.2072223814993,28.32799467340302,0.9866301229588469,0.0
1227.5083204616271,37.52245031740747,14.226426499723914,0.9651186964360455,0.0
4865.322668214703,46.790936897181645,25.861279529679404,0.004939980934409616,0.0
1971.5576460871343,74.9996228752419,25.33648195605211,0.951811785423239,0.0
4461.312310333796,4.631637086169192,9.573014197297669,0.6391199378155004,0.0
3159.381743726342,25.991257490058054,24.86746422452032,0.8679182945200221,0.0
3976.1084046728256,71.6216090025707,1.1102290414647786,0.4547398556338591,0.0
3554.236298716446,89.62547693103274,17.88809635446159,0.7616648155973706,1.0
2888.750384285532,51.656066769450945,6.900265118631092,0.4888465802569202,0.0
2467.663292156131,53.67923504126625,3.6170065733183643,0.6668642575461043,0.0
2896.1767207663192,11.61002912263783,2.3085960488762747,0.6435689790422878,1.0
3615.0360551549115,45.29382431552201,20.888663276344193,0.029973589872677953,0.0
1411.0540885798705,53.729109379047294,10.196248913041984,0.3079299415911909,0.0
131.33667249295468,25.004579859838238,21.743003145862843,0.7046807627366467,0.0
3230.9067565767673,27.655079863988714,1.960690223968271,0.20185345212294836,0.0
4822.037735346022,38.351132147357646,9.45871013491831,0.8964272095169197,1.0
2777.890276597321,2.9870485799949105,16.184738771260115,0.7887966829405788,1.0
4770.103599242911,32.88583739273465,23.721694945168906,0.09390071578941839,0.0
3288.970438216805,21.93335269265792,9.562575087962097,0.8172912087751518,1.0
1857.0919142746675,33.42223786561355,18.776741293110273,0.44375021930457115,0.0
87.12851647904847,12.856451050105871,26.579332447085616,0.8681422543775054,0.0
4618.190751453805,89.1622007932496,18.475895645469137,0.898957079807947,1.0
4525.8007003754265,59.765652901850814,6.988784242609013,0.6979852363312274,1.0
4833.607547027911,68.23112959530447,0.7320234466961406,0.8381152896481102,0.0
4818.463685675371,79.12795262212649,26.102966217027898,0.9446142194740232,0.0
4266.517182782127,50.34577769397667,0.6380823255116141,0.6832480282896458,0.0
2558.304253538832,9.605108520654946,26.24105018052598,0.9575450342035217,1.0
4407.929929387132,54.17354764003623,15.86811402081636,0.76651443362307,1.0
4257.171990869116,59.097270684067034,28.172030955386884,0.8689049844787182,0.0
1591.4408057298256,74.79850794424867,23.96349707320996,0.5706097466388297,0.0
3374.5606602136777,43.73429507673826,29.938023316000123,0.578977411417674,1.0
2788.4382996671675,13.630449976760811,10.521354463551305,0.9309486955069778,0.0
4681.412323062297,29.093814674073723,23.015648667933807,0.6895267510315611,0.0
3483.1886854081154,36.945147343464875,12.057927408277266,0.6765133857772465,0.0
2854.6052387459313,64.94580689182851,14.396268609117266,0.21567515239771717,0.0
494.910703916135,57.50705216222228,18.825163896551103,0.6588854702326572,0.0
3078.886061228857,36.25357586388678,26.21031342559016,0.3938644056541585,0.0
4950.368712020274,98.66500963050498,29.522504075978855,0.6512329770414921,0.0
709.0192360302549,60.97170711633183,23.048202415935545,0.10659303030799072,0.0
2596.464965295046,24.485452381863453,12.533003465020013,0.657845304603036,0.0
4388.091628920498,11.07646478941997,12.640710068312105,0.9994137257706666,0.0
3706.4354025934804,16.133054779248873,22.127469047666743,0.04821203886055603,0.0
3448.9066162560657,25.349815110066306,7.1633143730490705,0.8479495590844013,1.0
2400.4399172478315,16.90745595269601,3.3142233939418397,0.8966306752191272,1.0
1803.8608445865782,19.47013538107927,10.638664729223295,0.8707534503372591,0.0
1475.0233028798218,29.22442170069086,8.617169749622452,0.7823854840582735,0.0
4048.712165837783,18.163985934180726,8.889243613679703,0.5670162609866678,0.0
4052.465839449112,89.77977703801609,7.008232531497298,0.7384492092513265,0.0
2241.804541271374,8.943140820502578,1.2627956890908565,0.6583808385337633,1.0
4183.817920921296,52.92662756745521,0.5362180420024143,0.9285896284993764,1.0
2561.5985703160795,41.62928587197649,29.631671692080946,0.3270331615632387,0.0
2512.566310489126,98.25548307395204,12.83319401207587,0.6675933855635847,0.0
3993.492943044208,12.091851314637182,11.52979941479045,0.8078459419412586,0.0
3489.383457065899,40.38770430552842,20.389418480792095,0.9530716273828832,1.0
3512.8147175159397,96.97757289426151,6.5476166359519254,0.7978136488586345,0.0
3981.0054204861444,86.68520546350405,28.49883551850676,0.435583314812933,0.0
4451.1266556696555,81.89013502397871,23.59035043246656,0.8178342161750216,0.0
1696.5958326891637,26.532379877449042,2.6823300693677856,0.12020905537060844,0.0
1884.1589336733207,17.917871151616517,12.52742327354785,0.5444890979608495,0.0
478.96987980593633,67.19567877251866,26.37354922686494,0.0057586604981215705,0.0
2895.6179035709083,93.008222923631,28.34196066874231,0.3245858299002703,0.0
189.35194624574302,56.11952640837905,14.022045337496092,0.3664615348713979,0.0
2333.334110480976,57.58965625752008,18.40234167632123,0.3961726916092554,0.0
2717.7967271908074,28.717930272368132,5.0110183827622565,0.6954672066898622,0.0
1439.8408481201393,77.17980038600176,29.735058784109295,0.38855810127034573,0.0
2958.2579702393637,19.517331107194813,6.950151041503302,0.44869362262253065,0.0
162.19624719585664,33.04424440402013,28.28195322405377,0.23754413087432746,0.0
196.36746185857993,43.11820742302526,19.489399469771055,0.3732517916293401,0.0
4114.776797691695,51.253427489761044,18.232103846365774,0.22726962726315147,0.0
1807.3513006422017,24.998563509092943,15.380655330495257,0.07319592376844364,0.0
3310.5521078455386,12.36884564918115,6.920094351532761,0.6384522436889044,1.0
4188.524685957191,61.45138420172162,5.295840960165248,0.9917607363576111,1.0
3852.267829962068,29.57442477078532,6.61458627210526,0.6194903460096145,0.0
1086.9469272092474,58.54258392083862,5.593147864327635,0.46349404380057235,0.0
3118.2234743368113,16.28190881214603,23.3875342070026,0.3797857801792298,0.0
435.8838503189023,48.63287008362693,10.503757775001903,0.8633336495718252,0.0
4296.538696973329,53.726353822607,1.735280296901891,0.5703557640243793,1.0
2476.7245030080608,6.130530145420264,29.07307890422434,0.601007834201245,1.0
2707.7692568344314,34.32382354119814,26.51357654890277,0.025642065806435688,0.0
3190.775208476051,14.30705301695845,27.83256849585639,0.34124782762615635,0.0
3633.195755276081,7.274122076804007,29.847234679393058,0.38019561878585706,0.0
4879.5018765180475,99.00606300660458,5.216857476584619,0.3988227808969005,0.0
2586.3387380229647,32.913030652497575,11.887260567079762,0.5801723692273323,0.0
1621.5527999768174,81.17757013960885,22.74715427112274,0.5336025467268785,0.0
3830.675448432924,26.20942482161262,20.880618541613767,0.5921124196190131,1.0
1361.4529337977503,68.468769500169,4.616877190195652,0.7648832615421283,0.0
2200.4673893211243,76.26255812907897,24.474993749718532,0.8129857387160935,0.0
401.4973428979071,59.96823532017658,6.73321715509982,0.7181230762264944,0.0
136.50020964313296,47.68604266646568,6.714528444678693,0.9555236959549347,0.0
2406.0622468330566,41.77225050057959,16.109232686802407,0.9469948550039352,1.0
4181.540801355907,35.53795838775653,17.788198045251093,0.1957779856835461,0.0
3482.911288407553,93.02338528053475,17.402586235134336,0.00756287497814212,0.0
4254.125258087137,83.23132137098519,2.744605121932646,0.8271462761624809,1.0
874.7386571535204,96.53766415598474,26.32382587891141,0.8980305489499869,0.0
790.6208429287194,13.305425125068927,7.968001277661182,0.24348229657629927,0.0
1258.7120618413308,73.35588004516079,3.885447638484125,0.9270345447963066,0.0
2750.6410568835413,93.89570522528274,26.662442396069316,0.06026739028956085,0.0
3575.833654273311,18.942073550400355,28.6695449468926,0.9344360268055143,0.0
3304.384909821479,7.583130469310972,25.86382851796352,0.3516226872396344,0.0
3970.8654688014185,74.37094427971584,24.285482241746344,0.5760521416111364,1.0
4869.843863250374,57.87283820481128,19.65725941917065,0.7201617091841745,1.0
3692.105614311885,84.34104889906894,16.52572111827418,0.25677656772050794,0.0
2206.8740490692635,14.83746528600266,2.609602797342304,0.807649012534901,1.0
2171.1641634537627,79.73146387412913,12.253596392120961,0.5417320424946916,1.0
2846.5612240796004,20.96110468472671,11.18065551036942,0.9412081842036694,1.0
1246.1776376107757,17.201938343704747,7.792613512809786,0.5391612766752545,0.0
1786.3036664697954,17.262313995168302,21.70260341065755,0.31130769915600365,0.0
3791.652091217202,81.64289730290683,14.876272052363124,0.6103337833109184,0.0
81.82350826248178,66.85452484892382,2.431386477229438,0.7161506742231936,0.0
589.202476129512,52.783477052142814,6.6054960584943405,0.27262400073353377,0.0
2785.117051207718,36.52421792822675,20.497762909787877,0.9018017677207676,1.0
213.23672357166097,87.84285354049771,2.2839257847090053,0.12188609333694755,0.0
4278.748314214926,39.852065634840905,25.53620742146306,0.18114934953468032,0.0
2740.9363972159995,81.84334450768613,14.85439581041923,0.7526033867883191,1.0
4718.763741563111,44.474355948451624,14.417597319799441,0.9835633076295852,1.0
498.1924616484974,38.31749851306585,17.772233539785528,0.5251633836670602,0.0
2463.1632168329934,46.805298781291036,24.740428977754476,0.7090462617224327,0.0
2372.624136195023,30.836409542250067,10.434276237065792,0.10687692309474384,0.0
874.2773308509758,75.01332863744886,20.340484576771907,0.5673122196289035,0.0
2174.9197296974853,50.769318619155435,16.97195891987373,0.25656278370136376,0.0
1998.5386246428934,23.989056819534913,8.01084810508264,0.9629268752375798,0.0
3083.09198928056,90.05788275418227,26.35889959065474,0.4835456467199247,0.0
2748.6385995485184,39.00523091594793,23.922780648207844,0.7088804896375498,1.0
236.06700876250216,54.811733250284874,19.753555039752765,0.5502265421562618,0.0
2815.849178385893,90.74073898549015,25.51745187282726,0.992055159518249,1.0
4278.194787253891,62.799561595485216,26.01882602879407,0.8339599994018135,1.0
2520.6499303146375,12.572906030128044,21.250889301451043,0.951403342206657,0.0
4283.884307529728,94.04338023773404,25.110399850910163,0.6016118201463312,0.0
3296.8812217785357,63.14309725407037,20.924143850078508,0.8191888594267902,0.0
823.0427911363341,34.15565585105153,20.404223152809013,0.8842064633484078,0.0
362.1380495281449,14.787935193675338,18.558341346455528,0.22807977194893247,0.0
3349.21952735162,79.6084937377593,22.581499186729236,0.8173356366269707,1.0
142.29143960269286,62.38720283692284,4.7581531587922115,0.6109809888509917,0.0
2933.020150554582,53.81264810565583,26.426122775967855,0.4110284698067047,0.0
4330.131670865543,89.49536572204481,26.15530583235696,0.5829774476478925,1.0
2881.616147600636,79.07112391122854,0.8774184910367744,0.9000231233980112,0.0
1946.9679317705443,16.015813093542366,24.77450251694288,0.3534213793027181,0.0
2196.0984726931556,31.860484711759273,3.866096024203356,0.940963879152322,1.0
3462.713581020153,25.60042484163211,10.053565627774256,0.7137448439603076,1.0
2100.8408005498477,74.65068296469502,22.30524768874823,0.5811167028912396,1.0
4707.909395794861,4.319711038842159,4.822796881449246,0.8226143185136784,0.0
1936.6521626258634,57.41907880226034,24.539010723571867,0.42373825364876283,0.0
4806.340913481332,76.48340988832837,24.964025338732256,0.6675498992914705,0.0
4527.699703360758,87.79979803941319,15.224032012825086,0.09553531383466818,0.0
986.9977625985892,34.86609312287484,0.1915761515050074,0.623859324676573,0.0
2187.9596103660638,82.30447316252928,8.611143995247383,0.5063037599878795,1.0
4719.312360033233,11.952541958565515,18.507807551272265,0.7798778418191913,1.0
100.92691000123314,84.7987768817173,29.435585340822705,0.16801420774486342,0.0
481.2703741720827,13.62137757086626,18.954405810500052,0.7368737449441821,0.0
3418.2037993476206,40.331441765476356,7.794107431924794,0.8627970775432285,0.0
365.23135581654265,79.93224121217581,19.020171092988342,0.21673980009077565,0.0
1601.688395165869,15.841825307528604,16.199561391475665,0.09571455552016173,0.0
2417.7361133527857,23.695888128031505,23.395361854534308,0.7636998110613382,1.0
126.12695932177107,72.50300427091356,3.209419164808752,0.641971500443266,0.0
4074.1977281187897,72.28361711806136,22.830837075060842,0.6070940360887808,0.0
1416.4553261192657,64.47361565564444,16.23799736028331,0.54669741271407,0.0
599.6424898320647,69.7008960022429,28.88976011576984,0.23194709611597542,0.0
3597.2620468256514,54.729719891412024,10.256164981160582,0.8596768111845793,1.0
3233.2868078021197,25.928106831788323,18.978656794018445,0.9451290265089011,1.0
4388.585347499994,35.22390335688802,27.960843165300524,0.4967668588591694,0.0
3678.00450858139,18.978173963341142,3.0752918397203777,0.9877855202148873,0.0
4019.3698426203946,90.93660557202921,28.116854617093534,0.13643975255673313,0.0
1417.3525171308193,58.75578768184592,20.636571669024402,0.6951445540475938,0.0
3042.029978776528,40.684290259600346,2.0351117731551573,0.5397032923215148,1.0
3755.567610687883,46.73857456076914,9.028907008404488,0.42819961492561476,0.0
4036.1053489436476,94.78105062156972,21.24516265935845,0.7175977656581762,0.0
4952.62065858336,16.18178890849194,2.020518044063151,0.6924361513243696,0.0
2068.962207788018,59.036753369662925,17.465113805288198,0.9912559937021883,0.0
4699.500037061817,51.08297920956213,10.376491708588702,0.8657482451701812,1.0
3884.3006741025642,61.53396930803014,18.627465533024314,0.10410964938416634,0.0
2065.4701903264686,2.7929081982632105,1.3722610143753855,0.5937059720487912,1.0
4654.479054761788,87.34026698547099,26.14610418457129,0.5783869170064091,0.0
3991.3690585267673,93.27970996587763,29.204669075321906,0.929088526578582,1.0
2150.680196601342,56.94818517533169,29.066335658570743,0.0794193689889866,0.0
3756.846628279572,69.96843156381233,22.48955495228774,0.08565824959643054,0.0
3775.1689416825648,92.32743873655227,3.902587203918959,0.8941908746641183,0.0
