x1,x2,cluster
0.0634478531023364,5.4208036155442425,1
1.3296701429692936,-0.4857002954571185,2
1.7373078036934886,4.425462343941218,1
-1.612834780193518,3.1121751993788944,0
-1.7464450415531187,1.8338456406611885,0
-1.518276114304329,3.4448864697877823,0
0.0245830536513835,2.9621565212972563,1
-0.2491654402836729,5.148150303849937,1
-2.4874083948550534,2.1247648986254517,0
0.2119686642326055,3.9122766526486217,1
0.118987715586371,1.0864422567317653,2
2.622557799285548,0.6749885594227824,2
3.7034024536404377,1.0618914154252708,2
1.4201333112919208,4.637461654822657,1
1.7875339845389115,-0.23034767153207,2
-1.7438535831585544,3.3632755122279203,0
1.3786117197240442,3.618977236508077,1
1.3526956097021243,3.2043865368641957,1
-1.1879998880059608,4.93892582281792,1
0.866408263648849,0.3908473056392493,2
-1.9660935350240532,3.0992206905509443,0
1.2893377801973964,3.449691588146665,1
0.8979122622420244,0.5853714088122435,2
0.0808035173528194,4.690689825307652,1
-3.2081222287163387,2.028910903237673,0
-2.4570605157462264,2.739293169245794,0
-0.0722828865205975,2.883769390269415,0
-2.5568392965308817,2.567938896744018,0
2.6337890191617563,1.247318116931111,2
2.7450856859676662,2.1995098895029352,2
-0.937024192487386,2.5540234513623328,0
-0.0944825429640474,5.358239054379527,1
1.6015015295736823,2.701729671841642,1
2.2117740593982536,1.1298446961382127,2
2.828520498835477,-0.2862169802553809,2
-3.4787081147035077,2.2579905316036246,0
2.5490092987820665,0.7815597209035703,2
-0.4487067095076675,0.3586975949890263,2
0.2063540041011786,4.843036518740207,1
0.472329124097796,1.508043039045142,2
-1.6579580247633177,4.050962140892844,0
2.3416112103251576,1.5065074944133876,2
-0.1711985738646073,3.865967282703956,1
1.241903262228675,-0.5687606678645771,2
1.427179961791299,0.4166365414771491,2
-1.3629754407693189,3.0142036172543194,0
2.3357092267491737,-0.0954599509916438,2
-1.919293011371542,-0.1282607934668038,0
-0.3983099487073369,3.413883207677085,0
1.456613584509892,-0.2182333260224576,2
-2.0962160666920906,3.1877866162738844,0
1.897600505269062,3.154387157236146,1
-2.204929794786356,4.215728051984222,0
-0.712384190734039,2.976807850514753,0
0.9284417126761344,0.166985907073112,2
0.0689717141632528,4.355732723244529,1
0.7082667075951147,5.106243723244785,1
-1.028213738312078,3.965854417301176,0
-3.8910778303630855,2.938216443038366,0
2.509049292904953,5.773146097348676,1
1.099322520940101,0.5516818842385505,2
4.011179829683572,1.2877569826258632,2
0.301937417889119,4.335617885722741,1
-2.706061943859593,4.219310332997884,0
2.8968987855065143,0.648205079776988,2
-3.815524053236434,3.16936667635466,0
0.9369872603189996,3.135693829707193,1
1.6558184921700028,1.2677195477854557,2
0.3404240001676141,4.9802206223948895,1
1.51240604541616,1.3137137061993625,2
-0.3455254119336195,2.2859785033279554,0
-0.0069091524561326,4.6374715687493175,1
-3.896490918448509,3.781934561830771,0
-0.6510712516345745,2.802774792845896,0
1.9215659617644387,1.9754074659142,2
1.1845450566233553,5.280426363932103,1
2.3351921204761164,0.7995132702949789,2
-2.0444230557323086,1.939052401974353,0
0.6070882406040514,4.064408149872464,1
1.0427873009296629,4.606259225188172,1
-2.932866929489805,2.327824615463583,0
1.897128902327314,4.622514980391411,1
3.419799369535349,0.2082144753879992,2
-0.3396373319650261,3.842202722633681,1
0.2367070821551817,5.846801922855126,1
3.359414853410437,5.248266814438804,1
0.6312066124503464,0.4043437765757428,2
-2.9734387127852933,3.7181802106731503,0
0.908028473221864,6.017130049097757,1
0.1728604143726539,3.614237549698189,1
-0.4305571675561068,2.6836664599885864,0
3.521846237007056,1.7502155993991688,2
-3.0773333583053866,3.335201082364958,0
2.4703491517041014,4.098629063682589,1
2.5763323978856363,0.3218756901248707,2
1.937103476304308,0.2174854559410864,2
-0.2942149199392385,5.273184035606401,1
0.2867290707558472,1.253145452681706,2
-3.159538539456401,1.3501145370246688,0
0.622276167293011,2.928836034030371,1
2.7490406741230107,0.7380902217916699,2
-0.6316437403319755,4.292846327726113,1
0.9867700992673156,6.089657821354225,1
2.80245585563751,-0.2912812952657992,2
2.075929674433608,4.959051058170988,1
1.923522046320243,4.148777234357556,1
-2.49800858366639,3.2326994658489467,0
1.3326364757208968,5.010360495640338,1
1.3505672455766442,1.8409243849074317,2
0.7210090500301245,-0.4490538458596185,2
-0.0579727632379696,4.985381845730017,1
-1.175123902540547,3.2971177948687096,0
3.139506027827185,5.640315276884782,1
1.1031821712501149,4.705776690893091,1
-1.788549458932806,2.73563747754318,0
-1.9115494363644232,2.474046168177925,0
-0.1281132608819555,4.355952406709364,1
2.843829038973065,5.209831985723775,1
-0.2002967079693114,-0.1248431836976666,2
2.7216506034647923,0.4369438725493835,2
0.3571617020006234,1.2849441353330002,2
-3.766508071883642,3.31938131642341,0
1.363217673648487,2.434040714183735,2
1.1108212655146277,0.4876139667353883,2
2.481526252210979,1.5745716949681825,2
-1.711957684231247,2.110233773716767,0
1.5916715467867837,1.3791451337113991,2
1.6143448891402865,0.6173081647534278,2
1.0697567837487272,-0.57417134752565,2
-3.62150708442805,3.041604175566629,0
-1.0637736839032983,3.196978025725576,0
-1.8743546657204688,2.3366137844727977,0
0.3326516757136045,2.080384175223964,2
-2.806593186426145,2.33245105705535,0
-1.92213299587626,1.7584617449332098,0
1.6703877122516024,0.9920152492550108,2
-1.5726079738821404,3.138389917090296,0
0.303809630770544,3.9442341659078486,1
-1.7689238430921248,4.436143431688828,0
-1.2847860522367824,2.029162003979492,0
1.6905739770411925,1.0543675152103007,2
-0.1888797622368614,5.2046138144025775,1
1.864614027851479,0.5028141459044866,2
1.441932518276955,2.7675436411711662,1
-0.65794052632511,3.194754167179251,0
-1.8360184579936143,2.68441559978943,0
-0.2765252815034311,5.0812776832803,1
-1.2426243424146908,4.660551041988754,0
-1.0694884070009143,1.9532702475993944,0
1.4029739214978587,0.3764743476368259,2
0.465464940977622,3.123155143325978,1
-1.3134239643117365,1.7093086075999016,0
0.4666178967948415,3.865713025837203,1
3.207599086215998,1.977282251974758,2
-1.749509694170226,2.0048030432913264,0
-2.0812136397932064,2.4472446031783317,0
1.7634301586850152,0.1361714481263135,2
2.5791585452670835,0.9860857469825982,2
0.5730931315733154,5.526232397830817,1
1.701835772675679,-0.7188105287130957,2
-0.7300001120785176,6.25456272268018,1
2.206560759274216,5.506167176232801,1
1.9447268642004052,1.9178363716537363,2
0.1150443934917925,6.213852280547424,1
-0.5973989017423773,3.5001068527310477,0
2.859420775602749,2.9560282663059434,2
1.8331006904491864,3.652761734148243,1
1.552860895161436,4.095488571870395,1
0.163123796502041,2.577504725116713,0
-1.1721463201086872,3.5347688157264017,0
4.31457647212373,0.8554065082772941,2
1.0220285958479411,4.116603477422556,1
-0.5901615496866482,4.330209967370566,1
2.1047625030829686,1.3915004362188932,2
1.0100141552859232,2.108808949620638,2
3.5497520659242467,-1.1723213650755957,2
0.3419479848655314,3.941046161461252,1
2.753724670540214,0.9014345490242062,2
0.4782376278541901,6.233319381265376,1
2.4645222723420948,6.199676503478973,1
2.329783879156817,0.0067485769424089,2
-0.7053183011721096,2.923174907632484,0
1.3722767912081404,3.210725818717884,1
1.1203136497073731,5.758060834411365,1
0.8730512267529372,4.714385829386762,1
0.0884843309163823,2.322990859224463,0
2.197220684753657,0.5783352427928417,2
-1.0731221005862213,1.0881418503285911,0
0.5889432611385428,4.001484576873055,1
-0.7263392097909086,2.996142436494784,0
0.94808785020784,4.732119197978808,1
1.274508252752551,5.6301732241354205,1
2.093898073273066,-0.7590514423840169,2
1.335663132881085,0.0846706713838595,2
-2.186960333355988,3.0937012146291507,0
0.8778175541210628,3.6403090410862826,1
3.1237769207488872,0.4442778560865492,2
-1.99693689592278,2.701150790757584,0
1.5903494488925751,5.225993999014917,1
-2.54494588850927,2.840027505392272,0
1.9223869438459225,0.5998727805362085,2
-1.6570109674156095,3.0118354907186915,0
2.1156707630897955,3.0689615070947376,1
-2.6667064686486794,3.702839782573623,0
2.013096070142299,0.6107764675480292,2
-0.7554980645450599,3.94732109011589,0
-0.5149875141591105,4.743179028712927,1
-2.255948672016601,3.1144396620619075,0
0.5411165268248577,6.153051055927731,1
2.039585409830323,1.05859182823616,2
1.153696220800248,3.902006391240128,1
0.6283579292203425,4.46013629655237,1
-1.8025745477824624,2.2081542954862345,0
1.2911235975264348,-0.5401278138636416,2
1.3712566236956614,2.557214456127809,2
0.7487406696975614,2.555794339556125,1
0.8990850896109652,1.6788617616479302,2
-0.6539282684195495,4.7665695829741646,1
-0.6643080018934543,0.2622631683581899,2
2.96544642952547,1.214881875129239,2
1.616401604644087,2.686831283137556,1
-0.6039047165638629,1.5039831842973177,0
2.7468062725030644,1.5924128035939429,2
2.821930703077964,1.2539564774102256,2
1.1312175042434114,4.681949847050563,1
-3.543310641021665,2.3784276279586214,0
-1.995768201188701,0.7164409758325649,0
0.5626510977867477,3.5563325160076324,1
3.2460247025341027,2.849421652849625,2
0.4843526682412316,2.8732868348772658,1
-0.1968533265676648,6.247408513097683,1
1.4589534829823698,0.8450963636683906,2
1.5756117074249305,1.5180219582814494,2
0.1054729293646132,3.7249376626839754,1
1.417830495880649,0.5003918456091392,2
-2.5815324772069195,3.738130098657804,0
-2.859115667816407,0.9492575715471026,0
-0.5838579258993876,0.1782050941435664,2
-0.0239452688430696,2.7590162306707784,0
0.6647175464191224,4.359952669678135,1
2.038247107571437,1.2768153954930186,2
-1.4898982913117558,3.6857846690658262,0
-0.9835921218343856,3.356925219005165,0
-2.029720713864444,5.330335940876871,0
-2.8748294358510256,2.156308873076564,0
2.698581986495806,-0.6729597486955159,2
0.2058171736972278,3.602383368192313,1
-2.4356672591809585,2.4935646403552214,0
1.142943573919024,4.938818764340496,1
2.987115895547181,1.2376286437391988,2
2.841595483541854,0.4312445632019938,2
1.6485648355589304,4.711249163689501,1
0.2121979712762294,0.4196896558974501,2
0.2993769379951585,1.3485981217438516,2
-1.156079011940803,3.0599440665203583,0
-0.3165868311769535,4.570838196797573,1
0.5144705069882531,0.9609256541382686,2
-0.3020334490282457,2.9827383676766988,0
1.9263584960720843,4.152430119150692,1
2.1550496497061458,4.123862491636039,1
-2.3095331690494305,2.807492962306235,0
2.102906000653002,3.2238558190849664,1
-0.2077671369203297,2.0354634427832043,0
-1.993749559274668,1.500976148206863,0
-1.5767197372875836,4.957405922888751,0
-1.1441715832096373,2.883639980801169,0
0.2817022188151296,4.15415278712072,1
1.9193178207545567,2.034555022540632,2
1.4579514524675152,0.6597419302019298,2
1.8483638452689064,1.7778425720187192,2
1.9936411193372303,0.7903583836467621,2
1.8407062774060008,3.561622307041948,1
1.7480606297601624,5.127291481412121,1
0.5207375750291519,4.321266486473447,1
1.925690885472256,4.391338568833581,1
2.89921210502688,5.784302118882814,1
-1.3318343160705242,1.1363194056275314,0
-2.185456980026909,2.403648295393134,0
1.7462545523857558,-0.7783401463920399,2
2.164299870898797,4.62072993937324,1
1.7053606407240318,4.4327702382058005,1
1.402858939045858,0.5067102847503357,2
2.0309413970339425,0.1596327507322481,2
2.454313867073008,-1.8749290964887133,2
-1.3276038163254402,2.867278720371457,0
2.9131914457252144,2.03876552659551,2
-2.332530520761273,1.7995703370114906,0
-2.4712725040462,3.155985409165435,0
1.7443813497344065,0.9950638262067204,2
2.1529924891477337,1.4806173396912303,2
-1.7298008539885723,2.807999482023809,0
-0.5844358940015116,2.650287515097775,0
-0.0135759306487002,3.4710143255407067,1
4.35918421911682,-0.1623521627836104,2
1.4995467390782489,4.132240996226142,1
-0.6376277690114565,4.091047047234421,1
-0.4266196750015316,4.215904233659344,1
1.3674299104041956,-0.3164137431561837,2
0.2315152564980551,3.477348788789376,1
1.1693200393416745,2.843957595052708,1
