sepal_length,sepal_width,petal_length,petal_width,species
6.464996457977774,3.663100368590458,6.226514653274519,2.0808117234918835,2
4.993714024059021,3.955325080573523,1.761644815565108,0.3750278144199514,0
6.7382923287621015,2.871769205462145,5.382944067007809,1.9347092221898632,2
6.859385238714462,2.803358127442981,6.329192944806847,1.8493631751192667,2
5.537267284918712,3.492256364105746,1.5423281955017298,0.370132500456776,0
4.70618094002099,2.470128291005412,1.845181554070475,0.1872902548153041,0
6.911923335809989,3.2010495360658595,6.654550263339003,2.29329114523148,2
6.152053429845267,2.482184336857258,3.9133748284958587,1.074275400597461,1
6.570114820904054,3.0020353119213934,4.797104558826126,1.9075485439838298,2
5.928531043183974,2.737259579988141,5.5476808107421105,2.1815236553600412,2
6.778656150551038,2.5826853055789836,5.998193616762604,2.022472425385161,2
5.568275395972668,2.887695373698961,5.8781999430085285,2.0091179407006017,2
5.1263563628609266,4.1246768224476105,1.5698345080623715,0.3649228790305098,0
6.431630390301111,3.2521180993227765,5.6204791889069465,2.3516835714758253,2
6.293016977856042,2.6298422743561964,3.5413324050092148,1.7531425380991386,1
4.988109856925044,3.1145533777036944,1.3254969368816256,0.18764708790860052,0
5.7126693358219285,3.2108322929272313,4.71377602947698,0.9630598612028349,1
5.49066150734071,2.6847903466359577,5.277793741269329,0.8870605020082496,1
5.587380908223222,3.324772486613058,3.702242204128615,1.6079481525351758,1
5.763195128248016,3.03820512206234,3.653532225761889,1.5211809971834547,1
4.8507523241398545,2.837486148566687,1.7193506853599883,0.17462998701017793,0
5.201438825657927,3.178948802037519,1.876087029280531,0.34626661368198874,0
5.286973497900949,3.080571448419888,4.793755647159916,1.288694023324064,1
5.920832633562692,2.65186882667545,3.7742117601514877,1.2234562415682886,1
4.9953666720872025,2.632530097187273,1.405308381273528,0.18434640151622705,0
5.076239482045809,3.1368908957777246,1.6256613850942334,0.360588554795727,0
5.24279028382745,4.1804137192080075,1.266798222184955,0.4127712008194879,0
7.2060848762571705,2.729911707334027,5.357237512932113,2.307093689986905,2
6.078835686440637,2.9209337640496393,5.3662790052317995,1.8665384665291236,2
6.626860120256942,3.212605844948881,6.231187972525599,2.020754567360087,2
6.7903647190726115,2.5939252732622538,4.842695577406795,1.1267608802613136,1
7.013421721928983,2.8094346484428345,5.749357457189996,2.126618986941075,2
6.100109485203519,3.0197035163264934,2.731528349506177,1.4105134781314022,1
5.507744053093349,2.428511293487186,4.0943423449014436,1.0783881923765943,1
7.412907103423949,3.1571275990961065,6.323931161742065,1.7919090068772143,2
6.225532528335153,3.1617780422849764,4.6440325445773585,1.4275696213031963,1
6.686962448868708,2.664789237501808,6.403018238867831,1.6491828874661292,2
6.370510189525144,3.082591648962198,4.92220986223971,1.7809787896128797,2
5.438531915816435,3.6828846732049527,1.5344242744670886,0.31199506801587423,0
6.279355988385978,3.504463568337264,5.049194742666917,1.8165301467615753,2
5.254045020360792,3.8379134846559655,1.4187075557541278,0.46994944526713456,0
6.432300560519976,3.0540486430763045,4.9393158272134565,2.331697008393616,2
6.814515746302332,3.0287993065459706,4.910507069456121,1.9644123650016123,2
4.699695262772931,4.323116677998427,1.6167176939946544,0.2083182158259485,0
4.589800052111937,3.2713507455816146,1.6355887569905345,0.43826419356641927,0
6.50757797041996,2.9891928937042525,5.186313305129857,1.755700987386687,2
6.5715494090538655,2.0704859286213555,4.749270871169183,1.0670378121322792,1
5.711569737554385,3.208927941642317,1.4627273860246028,0.30928576239717015,0
7.186662476055217,2.347173425977971,4.816161194682577,1.3740005692420731,1
5.587991635555711,2.717281824259802,5.098792912071875,1.1611023427944673,1
6.100780284063,2.762863123656724,5.4438944954422075,1.373434032046687,1
4.425639672250387,3.7087527980141726,1.8601317259927133,0.25159429806722017,0
6.639716963914413,2.7909653598699697,4.171968840019347,1.1000200147472599,1
5.197998261676678,2.4179499897110857,1.2931797621086139,0.3579007700149264,0
5.138461880559824,3.0379169141972286,2.595455417159023,1.3157855638144442,1
6.5699284945948495,2.9900466754987174,6.503249360305077,2.3045961103819907,2
5.082397536045203,2.98466229286698,4.846798330588304,2.012185818769872,2
4.836236467771377,3.517197410980782,1.8114197081248415,0.25627405946223003,0
7.46650384712938,2.786201024048501,6.220355085851335,1.9657946506908752,2
5.457292756880896,2.558399618458726,5.77120690426595,1.7874446345067672,2
6.1482890794824,2.569265432967283,4.337744297714046,1.5389126862368259,1
4.817986730404973,3.448235973556284,1.1923260002063794,0.302780291573994,0
5.796880520522067,2.477001719642701,4.514486898489649,1.7587954566586297,1
4.761024791094721,2.2664107500370587,5.589735331197048,1.2745483960195452,1
6.298742102239157,3.1765595453359756,2.667013539633026,1.2159282557094024,1
5.972602030142729,2.8565248024892282,5.244817670685437,1.5515388444487468,1
6.797582278319482,2.76221830811595,4.1734676571431075,1.3770865143482525,1
5.862746176734414,2.584754444175675,2.9361569184009095,1.5563318433567799,1
6.183170065259511,2.808933778970387,4.594381576459684,1.4433597595979,1
5.2074777830871115,3.478632829395095,1.4652226716821664,0.17396857086564063,0
6.9845423096455415,3.0622607667444037,6.578400666342539,1.8642276413028451,2
7.2083499733007965,2.8737201948764057,5.007753520285754,1.3622431795902978,1
5.684603806038692,2.541584889292977,3.2575949182668826,1.3266213804927927,1
6.147283301071242,2.535861410553278,5.01044328771861,1.2735513891753234,1
6.220291003474576,3.088659806378535,4.304535638954501,0.9815712944411344,1
5.492607936004852,2.78414201371261,5.2469888222852905,1.4748353834476646,1
6.823490165723802,2.5656938712205326,4.156396239701492,1.374753685618699,1
6.47952488037556,3.5273854707273755,6.374226050754935,1.889687838215198,2
6.77218437507236,2.785887183734123,6.138969113616824,1.7312256788881448,2
5.969253981194221,2.7798449258014246,4.371302494465897,1.4014268979090536,1
5.483190657793905,2.8640382357731378,5.968415388355088,1.7888148372978314,2
4.682597992930956,2.9553498689045092,1.568345782948087,0.3443273298006406,0
6.3409649551916205,3.5090900331026154,3.4411871258403472,1.255368073163822,1
5.062880742038831,3.240671637590415,1.3890256574458486,0.2292883995367721,0
4.953810636030507,3.295213425472579,1.3315199034926406,0.19566651569496635,0
4.830599842595342,2.5275093607102583,4.203852078265699,1.0896170149888622,1
6.452958229010198,3.0966831194758675,5.215124740741157,1.6931039737189406,2
4.918153397808965,3.0858587429951787,1.427993577069028,0.2052953342159471,0
6.213308033766492,2.1503064314787625,3.29793740159368,1.2833212757742234,1
5.897922642404225,3.3444549651221314,1.333948962192562,0.3076988419724893,0
4.684959235856452,3.254319006604825,1.5764509878289839,0.40185733031860404,0
5.769449764858112,3.701150271045588,1.3392045852718526,0.32911443082360403,0
4.526570732822185,3.2721772950723675,1.9482269138041461,0.2583848144138552,0
7.1568586659697155,3.138521485041735,5.813533626532591,2.254734849580939,2
4.864245482728721,3.791837180336346,1.01495714442548,0.1969805980102059,0
4.673891625391231,2.866078464712409,1.493965666674173,0.29618593119756825,0
5.279636952743996,3.8437040808891694,1.4853933040362395,0.3319401233595581,0
6.401048025442105,3.3179479907269345,4.741266346419875,2.0285496672089915,2
4.807500746470597,3.8686322107530042,1.5576252473455408,0.3415065094935984,0
4.162482398385975,4.211342876892095,1.3332329633120397,0.23559539842872085,0
6.350479595152929,2.8810329630551124,5.198314624946514,2.183197071189159,2
6.537570145920218,2.443541703982306,5.765132773254698,2.1498731884540083,2
6.909163711792059,2.954476053784637,6.0463259747087825,2.1219467135699666,2
5.302374112716661,4.298451586374405,1.76772434687809,0.17844020040457514,0
6.657927158123265,2.5638732020265147,7.069675879374859,1.682210543416778,2
5.7000978532058735,2.867018685388945,4.8942180458460385,2.296021758390923,2
5.22710734710305,2.924605311229427,1.5784930282253178,0.4896412405772782,0
8.072305304487426,2.7594251204269953,4.90414733173872,2.1570250441351253,2
5.468974312956897,3.907670873017252,1.7298846872002545,0.4392545253725957,0
6.204056945609167,2.890057648780058,4.562136452485912,1.495463703212866,1
6.70179173368251,3.320469721254598,4.980959252122093,2.1324234582964054,2
6.312450093064367,2.5953008110427516,4.325812362930442,0.9007447470257168,1
5.09079372048774,2.7477306530338943,1.574433736294419,0.22684574303803423,0
7.167245939986279,2.7492201618181302,4.934601984073446,2.2519927004683176,2
5.178515739200767,2.433419293915004,1.4313177800824066,0.15754163602689078,0
6.302867649763059,2.2682169615052534,5.255359166819634,1.5114385997969833,1
5.200570702810433,4.049752823440085,1.3383612829899156,0.31907149667167944,0
7.275407270621777,2.8940644054355102,5.498509294554007,2.1348898804807335,2
5.703702215271456,2.7129183695212378,6.40763778603827,2.0695330492814854,2
6.398470034139202,2.873189296383773,3.5532952238216486,1.541296031083011,1
4.781984953861164,3.291760043334652,1.6028801873140877,0.26362889509124526,0
6.581429611240839,2.7591343462816,5.8451991700233,1.9681329150608393,2
4.7554693715335015,2.4420536061703797,4.01925880491293,1.4561630855628276,1
6.479572230997629,2.9913985486094243,6.724350452618021,1.727417717330005,2
6.056378523298635,2.149459141583641,5.411356393067842,2.139804061716779,2
4.483510255121012,3.207181282068713,1.6577097236634601,0.4590503344564839,0
6.458725966677183,3.5889329230415563,6.433973220132694,2.003072955178662,2
4.6075198659049805,3.3619019687098617,1.5164659773434175,0.14742640967963178,0
6.930640647285545,2.1447700692807414,5.292555747704181,2.095054294794398,2
6.427197607924557,2.613746434215207,2.895708857828324,0.9096785612919694,1
6.6259630168465735,3.6453402105924297,5.419378333927457,2.242556877826084,2
4.983965945050799,3.511242407636784,1.3103110254487729,0.2532400659505004,0
5.211774204661521,3.423118234234088,1.7823753037789056,0.1923502731590358,0
6.260386524570289,2.5425683365695417,6.066659853431922,0.9993556131174277,1
6.926800466591033,2.7545098887503086,5.603906262080537,2.173190536783329,2
7.810132526512149,3.1326336412289275,6.02921836808038,1.9434847802427084,2
5.8741205076473495,2.503875468913593,3.288837864098409,1.0885885664568449,1
6.982783962090464,2.4676602140430193,5.38703752914063,1.965605678741465,2
7.26099402839782,2.7522946963581316,5.288364208151374,1.9196784578685742,2
4.250212450056195,3.4252661837228695,1.7195684721776545,0.3189696931217662,0
6.217288141962335,2.7257666634488085,5.706667353757928,2.3852415125465156,2
6.315512651325926,3.156113913704848,5.632446091908182,1.7904355891744617,2
7.02859914054657,3.048098316735195,4.7909268959341205,1.2851506668031278,1
5.433180945368538,3.039340801914825,4.3468872654731125,1.2671591790606966,1
5.4174702581475,3.1732819307815605,1.1224350321499295,0.3132918641750274,0
6.2222900711705496,3.1977382494483577,5.95953916826778,1.909875743185021,2
6.716911692721108,2.8807789099614505,4.798394980018725,2.2069727713546867,2
6.504795333773618,2.722917354992065,5.366502609748419,1.7159608765436498,2
5.457748614189874,3.5908014877580294,1.625743172160061,0.4494251246256332,0
5.343145863515386,2.4892349207601567,1.2547035820383021,0.3436335188415508,0
6.259049274125842,3.2691206848149394,5.489742691650973,1.0792724257501205,1
4.463197078378657,4.3001819071265075,1.867521346612942,0.38969744386204747,0
7.540384719983371,3.152447811341257,5.701443517673112,1.8744034827034723,2
6.805865449771055,2.550367198933994,5.3595744155101555,2.2102367560299814,2
4.382000420561201,2.9762431478120224,1.5711585949855325,0.4836674630859405,0
6.230989193196121,2.606313426167819,4.369791007062529,2.0817698037997485,2
6.45104225952893,3.143211096604998,5.953765728015216,2.2475448971058274,2
4.950189900962526,3.2985013276689665,1.53594369061969,0.340827164090203,0
4.9199180417075725,3.526696823521775,1.1895245076829877,0.3764698334664674,0
6.6926443661770145,2.538498943670292,5.6806837052377475,2.092627054848202,2
6.467281600964521,3.0763789228203176,5.728740442024108,1.9281022419592762,2
6.713832530134835,3.2256781029224513,6.181414024171272,2.5007592454537546,2
5.598676097347343,2.734077908979137,5.041636371121337,1.3406298403182415,1
6.550924584080048,2.7049534716124604,4.658726561333271,1.399355114753382,1
5.586290557811262,2.726740049442271,4.248111025498969,1.1043087493201587,1
5.1077270617010155,3.6279175247615076,1.6271459072314618,0.30697023147318225,0
6.1094197069342435,3.5537222729734954,4.127583171243235,1.586826544646717,1
5.16183315804701,3.572877060586162,1.4914592410553433,0.28202005548484677,0
5.036029034792665,2.9431493826815305,1.669817090090174,0.177601793325683,0
5.350322087583956,2.8196781537049533,4.039688787401215,0.9480481559644748,1
6.168882979203478,3.1270823519032778,5.416926876107664,1.5133366217429005,1
5.22064424271897,2.3737046316781663,5.443936686604022,1.1957028709288466,1
6.182747022066014,2.96970808330516,4.767089173895476,1.8396589914702055,2
5.554800357849126,2.5547724471936513,3.5080104721154735,1.2873253664736029,1
7.812241178209267,2.5577661773942326,6.100537043959729,1.9971291066871701,2
5.031603605697622,3.0248880664520357,1.6259399705425166,0.2858706936793905,0
5.576947998453765,3.035489810494879,5.8650655979532385,2.049926895157798,2
6.023051841145091,2.9108732808062454,4.261633955557765,1.5120791810467766,1
4.873052485891743,2.8694317252564026,1.2725717238927556,0.3207960930680386,0
5.183376518624792,3.7010808594290507,1.3121188432398967,0.46422760575404387,0
5.07448493755785,3.1811618810451594,1.5042764422209411,0.12386332225266955,0
5.865038969886628,3.175263561999236,5.716023904295273,2.1179050092353355,2
6.320263625125778,3.0319299824616612,4.024473393855985,0.8450226472355276,1
4.618243948570802,3.123647835085516,1.6035087551624543,0.20579134652450704,0
4.064161374542641,4.06891169443474,1.4697173539779433,0.2542935793955652,0
4.85938528055182,3.7691728728837632,1.5832922889512282,0.30546794084817613,0
6.878234314434259,2.8476086444570208,6.5752591154952675,2.2948093200292203,2
6.946690134528684,2.4544933525157306,6.444515874523023,2.26631760649754,2
5.302864786577124,2.9635365242766794,4.999530797867827,1.3363529366399527,1
6.387225490239903,2.799381283167862,5.0816812604761745,1.9148276827196804,2
4.770319420476929,2.7403670664263107,1.5899218060143658,0.21230695492163454,0
6.352943805745252,2.3869925378085752,4.605257368589075,1.1992886748365255,1
5.63606308760434,3.467649620039636,1.1858013288650655,0.07438676925070553,0
5.188656781779228,3.5006284339329277,1.4968695876755662,0.2336806551624641,0
6.1318190076858565,2.4770918691399597,5.896192139183652,1.652122477768841,2
5.907105944408099,3.020468051042301,3.964402680798848,1.481667232216219,1
6.841660975195856,2.6213060137032125,5.362510627938401,2.290656461250494,2
7.01391794987778,2.253169690587555,6.420363683769249,1.9773873071945938,2
5.954926473477372,2.3799384869892672,4.625908811578722,1.2341121725815754,1
4.432015346803324,2.9111048811697744,1.4704286000312539,0.08841584347667727,0
4.6612265051009345,2.9910258481816934,1.5215390011293566,0.33023113051476427,0
5.44472107763006,2.76914934393268,3.380296979415836,0.9280440894058184,1
3.9742632074157225,3.597353320164609,1.2384851232217997,0.2603255021005626,0
5.094019410174958,3.228409445570436,2.5988655109906107,1.6387101581430712,1
6.574852313655348,2.829971663170723,4.985246804805796,1.2460318918656368,1
6.613984560531521,2.591109595301637,4.869245823940932,2.1795515797430314,2
5.6759864300998855,2.6607038966507597,4.279903986851441,1.3314088494417344,1
7.162334172920909,3.0291718016282148,6.254260604839465,1.958332169186889,2
4.811232103483944,2.961886619161402,1.5603238495907195,0.12780270358672802,0
5.0868825911572255,3.6931900717045925,1.6375933904232067,0.33623184587355587,0
4.811248990352852,2.8570979076692877,1.0248667977814767,0.28560416062119887,0
4.777527541679205,3.3243674123352505,1.61964987492599,0.3202992112936077,0
5.707937530379798,3.266636990711916,5.306690094354338,2.1917438856647995,2
5.610331982900332,3.188535198665135,1.5619754569166293,0.3990708253703516,0
7.114923864326984,2.78004144473439,5.608730731353162,1.0134121758628973,1
6.874866297800615,2.873583351333529,2.910036490520479,1.3023856474800315,1
5.618116778938483,3.1480665710755718,4.900231448600865,1.5055764188041505,1
5.56932382574302,3.025456123540325,5.81859171237677,2.021600148789394,2
4.60510831693083,3.4441962154797876,1.198061448149289,0.2277637260511,0
4.803534588500217,3.5511845839747496,1.5242293803699793,0.2335130457376019,0
4.516351044175606,3.129605490810241,1.6646457756693644,0.3270842577352995,0
5.893262014211656,2.766914508644884,4.92434485470367,1.9741509484094963,2
5.485670981831103,2.40587265589419,3.329689439126333,1.0664546624779478,1
6.360817359176924,2.4714095154790425,5.314321161895468,1.5356456185765124,1
4.469755889798964,2.4657709103333487,1.6070282870910642,0.44882353168694755,0
6.375757031471477,2.833286828820413,3.7628990368423603,0.984117002101388,1
6.511101673103969,3.0360908696664985,4.74652771671678,1.2715629002023554,1
7.107608126802761,2.2139846155353515,6.189870579785929,2.426992587935879,2
6.405986272628274,2.937725351760626,4.912604857300787,2.248278466262638,2
6.628562131088611,2.895740592676598,5.29730210943702,1.930203589786333,2
5.7164949731753945,2.6413850355786517,5.977948917227776,1.83150050172666,2
5.271863867665368,3.1254723697403537,1.5803651708068003,0.23760706992172576,0
7.310048549723511,2.5774206235320993,5.704376689811425,2.0404653629768283,2
4.959654115362745,2.9666138042899655,2.848146828164647,1.0054027224516489,1
5.3121100657680005,2.9047348900777727,1.288505761560838,0.31868043924776535,0
6.3891464910581295,3.5066740775704615,4.273838298140971,0.9799192876484261,1
6.330982542530078,2.548675605521872,4.042939706768653,1.2559027691665177,1
6.211699719458176,2.9832429501264324,3.0146778748972514,1.2470770593255742,1
7.151581721824653,2.770022034953737,6.705590823730005,1.8406121479085953,2
6.931514451155031,3.205977373879092,5.952171374710025,2.529628797150697,2
5.1362461005153435,3.424011602300805,1.5926886144721637,0.40832732434662167,0
4.9944888178931235,2.755662217775301,1.609304526194408,0.24335932570375143,0
6.7263407865771505,2.9091486514260794,5.417354152197313,2.1655203952652093,2
5.542012096536897,2.622856579436687,3.9734150477861605,1.1365409078238715,1
5.461412748803148,3.579604385367574,1.402009968967893,0.36362373753789257,0
7.5142105196643625,3.1238779122399776,6.614106580007574,2.180115563638643,2
6.823175940455099,2.951249569523989,6.155238854478034,2.0746648288995524,2
6.496840985781287,3.2780622218236513,5.6190689408969545,2.1260784944064115,2
6.0136307045672845,3.2315627453536866,2.8570721808412007,1.277796225278569,1
6.913272214353047,2.5450955020003625,5.644567546449709,1.8012637978468518,2
6.910840166307055,2.7434294557450536,6.258574978916698,1.7870283190540095,2
7.384791982284063,3.069444244904879,5.622980352513454,1.8411566002771134,2
7.869453433149992,3.1130997488715875,5.8363325568863464,2.025508478874102,2
5.240421577684614,3.8334339602969196,1.6230060387544638,0.3671886574951556,0
4.742289927932821,4.109685001655208,0.9196952634612842,0.19009371794283514,0
7.303343548055036,2.5396909501769223,5.702319116232799,2.1550628421039293,2
5.586344729161349,2.4627122217382507,3.671194377917387,1.162208317708301,1
4.7403010886665164,3.2199595465239104,1.5483872738947144,0.44124474015914217,0
7.6113889808514985,2.6918395037575946,5.469946990108297,1.9484021389652129,2
4.625501988688818,3.792427461469881,1.4154917779189924,0.3016129295245021,0
5.133269317935929,3.684908595802351,1.7489376092730193,0.3057774364013513,0
5.412010095854167,2.593231278934943,3.747051782298218,1.0114546557253508,1
8.021135476787515,3.399332076184463,6.108270991387784,1.8593014236693626,2
6.3455768508003,3.368571927429832,5.482203466384776,2.041878093338563,2
5.867853656444751,2.1600600894788466,5.348666193799786,0.9670215159742106,1
5.228646720746858,2.7890399950244165,3.94779063756149,1.5840353925386748,1
6.942716352340777,2.696441199390577,4.37370422304673,2.192140428143839,2
6.825150753371231,2.9227016882141705,6.159374051039767,2.1137418032071347,2
5.502848712418239,3.038631475800786,5.342824725124407,1.2767218674278449,1
4.844035843596089,3.5406191835303553,1.2076887645498369,0.19325556544534478,0
5.459849231533233,3.7803185201344593,1.5983592663176158,0.2629041980428445,0
5.299915001799196,2.9378491918212073,3.556753262227963,1.850144606107466,1
5.093386318592097,3.3567849200842996,1.1351118226647074,0.31417854204602697,0
5.788802640056079,2.913960355212724,5.269130706726271,1.2355282898309516,1
5.021628349704194,3.235171017726484,1.4636449448234132,0.19923993053399686,0
5.096140462430991,3.520678053978416,1.5346682847427109,0.2027079114008753,0
6.352612128759082,3.8763941879462376,7.117738703277693,1.660100514264311,2
5.752823414073449,2.5266624800486497,5.974651647353931,2.0962106582250963,2
5.10047798888787,3.250469042380227,1.4368082547108698,0.336318229829127,0
4.818481334011137,3.6530485199137077,1.7206261412139483,0.35195463297743956,0
7.278751674238642,3.1226248909608003,5.251505628292098,2.2048997897730973,2
6.435151502895349,2.956225964157031,5.678272467253206,1.9427752819914106,2
7.4306652670113875,3.308802158710117,4.808406851732142,2.05108676891441,2
4.610892285168754,2.488763979785876,4.801166692378731,1.3998520062765598,1
5.762362894770797,2.8675080829143718,1.3687381217539467,0.23489359980851277,0
7.548139552410492,3.1865462350702467,4.600829199720528,2.171147286235045,2
4.9221318952490085,3.3683685009574593,1.649220197373865,0.35275371586800147,0
5.576895319088501,2.646301097673309,5.496570246590391,1.0590128797543923,1
6.3556880979022825,2.7227379339814752,4.116210636502802,1.5295078427187792,1
6.645969663275076,3.014551718252295,5.944820756999209,1.977802605645653,2
6.2558113252354115,2.5566360358433355,4.744766951175588,1.656307336393409,1
5.482366082897034,2.70360725705265,1.3137464840567472,0.12631835914559741,0
7.390166137939537,2.484606013791619,6.423270107943422,2.0772006629919604,2
4.4513642481107505,3.7417842507178776,1.7067926512998046,0.29108768704667665,0
5.19403764464531,3.6194119434139096,1.3694084017484378,0.3313765923308387,0
6.47153295144496,3.119012454871279,5.437827139368952,1.3981657001236192,1
5.690647579596776,2.4313598744343587,4.113167512087114,1.0428635163506645,1
6.627463904162834,2.8638234515379217,4.535724334216551,1.292537518350673,1
6.085796915243264,2.3302984380915346,4.028625271477038,1.3276263412805442,1
5.840801049726886,3.1893264955779013,3.8285685341444466,1.1944523551943746,1
