glucose,bmi,age,diabetes
118.69,35.76,54,0
193.59,33.34,55,1
165.16,20.53,36,1
147.83,27.93,25,1
90.28,25.16,65,0
90.28,24.59,62,0
77.55,44.27,18,0
182.6,28.61,39,0
148.14,42.09,69,1
162.05,35.04,34,0
72.68,39.46,24,0
196.09,31.57,42,1
178.22,33.58,62,1
97.6,31.3,21,0
93.64,23.27,53,0
93.84,37.51,23,0
109.55,25.58,77,0
138.22,18.66,48,0
126.15,35.43,36,0
107.86,22.78,78,0
149.54,43.39,61,0
88.13,43.76,71,0
107.98,42.7,56,0
117.63,27.99,44,0
129.29,18.42,27,0
172.07,43.06,43,1
95.96,29.56,36,0
136.85,44.1,56,1
147.01,44.02,79,1
76.04,41.03,20,0
148.98,25.95,62,0
92.17,28.4,30,0
78.46,40.98,67,0
193.36,26.56,45,1
195.53,22.58,79,1
175.09,33.03,75,1
109.6,43.28,37,0
82.7,36.79,45,0
158.95,33.39,25,1
127.22,20.62,78,0
85.86,34.61,58,0
134.37,44.73,56,1
74.47,21.78,18,0
188.21,31.99,20,1
103.64,41.69,30,0
156.13,38.0,45,1
110.52,36.82,79,0
137.61,36.97,74,1
141.07,27.71,77,0
94.03,25.93,66,0
196.05,39.85,42,1
170.77,39.87,73,1
192.13,41.41,50,1
186.33,42.66,55,1
147.73,31.81,70,1
189.84,31.54,23,1
81.5,39.55,75,1
95.48,35.55,61,0
75.88,36.95,62,0
112.29,39.49,49,0
120.53,42.03,62,0
105.28,27.13,78,0
177.74,28.14,64,1
116.38,20.54,38,0
106.52,33.61,33,0
140.55,18.97,71,0
88.32,30.57,38,0
174.29,32.65,28,1
79.69,25.74,77,0
198.3,33.95,54,1
170.39,18.82,53,1
95.83,19.01,52,0
70.72,40.21,36,0
176.01,27.73,37,1
161.89,21.43,74,0
164.77,32.1,35,1
170.27,38.79,64,1
79.63,23.83,58,0
116.6,34.82,66,1
85.06,20.3,31,0
182.2,19.4,32,0
151.03,32.35,48,1
113.02,32.6,18,0
78.26,35.21,70,0
110.43,37.6,71,0
112.27,44.35,71,0
164.85,31.94,20,1
152.88,26.72,33,0
185.34,39.47,40,1
131.39,25.31,74,0
85.55,29.85,28,0
162.72,20.12,29,0
168.9,18.68,27,0
142.97,43.99,49,1
170.23,40.57,33,1
134.19,36.79,25,0
137.96,29.04,55,0
125.58,22.68,29,0
73.3,22.22,41,0
84.03,24.76,45,0
74.09,32.83,70,0
152.73,37.29,25,1
110.87,35.83,75,0
136.11,25.56,45,0
187.98,43.78,53,1
102.41,37.92,43,0
123.35,32.97,25,0
168.22,34.52,75,1
99.74,29.33,77,0
80.01,24.69,67,0
107.67,27.61,45,0
90.96,38.46,45,0
190.86,18.39,54,1
175.06,21.13,58,1
152.34,19.24,53,0
183.29,19.1,44,1
174.48,41.1,71,1
94.25,37.0,34,0
186.03,30.8,26,1
140.11,20.64,50,0
174.97,31.27,70,1
186.49,30.78,37,1
111.34,22.68,30,0
84.31,29.71,45,0
99.63,28.76,65,0
125.52,34.63,46,0
176.34,35.15,30,1
181.89,19.22,63,1
70.9,28.11,52,0
136.4,34.9,78,1
124.26,31.58,23,0
98.87,41.13,35,0
85.58,35.78,68,0
113.89,22.4,22,0
192.58,19.91,64,1
112.02,35.35,42,0
137.44,18.72,19,0
161.39,33.82,27,1
117.27,43.39,73,1
196.33,33.54,47,1
195.12,28.48,67,1
102.73,35.37,76,0
134.64,30.37,62,1
109.11,32.73,22,0
107.03,43.42,72,0
74.8,28.42,73,0
149.24,43.95,50,0
135.35,42.44,71,1
76.69,23.29,18,0
106.22,19.87,35,0
188.07,20.72,49,1
101.14,18.49,64,0
88.84,20.55,66,0
133.63,36.44,28,0
198.13,19.92,38,1
101.47,26.61,43,0
157.38,40.81,42,0
169.01,18.63,39,1
100.89,39.99,76,1
164.67,25.61,44,0
117.81,21.19,66,0
152.2,36.81,30,1
152.36,34.98,50,1
139.65,41.69,51,1
81.74,37.85,58,0
178.59,39.69,52,1
111.7,25.61,18,0
94.25,22.79,38,0
75.3,38.27,65,0
146.82,39.78,72,1
158.08,44.74,23,1
72.16,29.14,45,0
136.57,28.04,34,1
99.44,38.96,22,0
153.87,27.2,48,0
92.67,43.13,22,0
159.82,41.18,55,1
120.28,29.58,20,0
191.77,38.27,70,1
87.88,38.37,40,0
114.34,20.78,54,0
84.75,42.37,70,1
190.21,31.64,54,1
184.05,40.31,27,1
103.53,26.64,27,0
155.8,42.18,36,1
176.24,28.51,34,0
142.18,18.29,38,0
138.85,42.45,31,1
101.44,20.46,26,0
82.1,26.62,63,0
186.64,43.65,18,1
187.05,43.67,68,1
152.3,33.48,62,1
114.07,35.06,30,0
115.4,30.11,21,0
164.37,25.92,79,1
186.62,26.87,18,1
185.32,36.16,66,1
171.38,38.31,57,1
153.46,39.37,49,1
80.94,39.32,51,0
91.01,20.46,45,0
186.81,31.35,48,1
148.84,19.55,25,0
71.2,32.84,56,0
83.19,29.92,43,0
156.26,41.97,75,1
70.66,27.47,51,0
90.91,21.16,71,0
141.34,21.86,71,0
159.95,38.56,20,1
154.75,34.69,76,1
99.16,20.73,67,0
162.58,20.27,29,1
100.84,36.93,18,0
112.3,19.96,71,0
167.04,40.19,61,1
154.45,37.07,22,1
180.4,20.2,47,1
